bet_type	hitrate_model	hitrate_pop	returnrate_model	returnrate_pop
ワイド	0.6041666666666666	0.5833333333333334	0.8822916666666667	0.8350694444444444
三連単	0.08333333333333333	0.0763888888888889	0.5947337962962963	0.5359375
三連複	0.08333333333333333	0.0763888888888889	0.6899305555555556	0.6802083333333333
単勝	0.6805555555555556	0.6527777777777778	0.8394675925925925	0.7775462962962963
複勝	0.9340277777777778	0.9201388888888888	0.88125	0.8592592592592593
馬単	0.3645833333333333	0.3298611111111111	0.864525462962963	0.7431712962962963
馬連	0.3645833333333333	0.3298611111111111	0.9130787037037037	0.7589120370370371
