bet_type	hitrate_model	hitrate_pop	returnrate_model	returnrate_pop
ワイド	0.5439814814814815	0.5590277777777778	0.8285493827160494	0.8023533950617283
三連単	0.09375	0.09375	0.7369791666666667	0.6078703703703704
三連複	0.09375	0.09375	0.7890046296296296	0.731712962962963
単勝	0.6631944444444444	0.6631944444444444	0.8515432098765432	0.794675925925926
複勝	0.9224537037037037	0.9247685185185185	0.8366898148148149	0.8248070987654321
馬単	0.31712962962962965	0.3229166666666667	0.7933256172839507	0.7131172839506174
馬連	0.31712962962962965	0.3229166666666667	0.811304012345679	0.7337191358024691
